Date,Q-P1,Q-P2,Q-P3,Q-P4,S-P1,S-P2,S-P3,S-P4
2021-01-01,7693,2394,2384,1367,24386.81,15177.96,12921.28,9746.71
2021-01-02,5418,1294,1071,1492,17175.06,8203.96,5804.82,10637.96
2021-01-03,6718,649,4878,1380,21296.06,4114.66,26438.76,9839.4
2021-01-04,6964,1122,2730,428,22075.88,7113.48,14796.6,3051.64
2021-01-05,3963,1848,1563,944,12562.71,11716.32,8471.46,6730.72
2021-01-06,4556,3793,1381,1221,14442.52,24047.62,7485.02,8705.73
2021-01-07,1247,2379,4995,1235,3952.99,15082.86,27072.9,8805.55
2021-01-08,4669,1548,1938,503,14800.73,9814.32,10503.96,3586.39
2021-01-09,2986,2894,2037,1082,9465.62,18347.96,11040.54,7714.66
2021-01-10,4632,2987,3407,1572,14683.44,18937.58,18465.94,11208.36
2021-01-11,7553,2369,310,1118,23943.01,15019.46,1680.2,7971.34
2021-01-12,5754,3963,844,1934,18240.18,25125.42,4574.48,13789.42
2021-01-13,5283,3675,4237,436,16747.11,23299.5,22964.54,3108.68
2021-01-14,4217,3256,4747,1263,13367.89,20643.04,25728.74,9005.19
2021-01-15,6688,2608,808,1694,21200.96,16534.72,4379.36,12078.22
2021-01-16,3807,1665,2999,1437,12068.19,10556.1,16254.58,10245.81
2021-01-17,1995,1424,5381,557,6324.15,9028.16,29165.02,3971.41
2021-01-18,6009,3432,2070,257,19048.53,21758.88,11219.4,1832.41
2021-01-19,595,1001,4716,772,1886.15,6346.34,25560.72,5504.36
2021-01-20,7882,787,5395,673,24985.94,4989.58,29240.9,4798.49
2021-01-21,833,2112,5711,1209,2640.61,13390.08,30953.62,8620.17
2021-01-22,7528,3921,1529,1761,23863.76,24859.14,8287.18,12555.93
2021-01-23,6128,3464,1937,933,19425.76,21961.76,10498.54,6652.29
2021-01-24,6233,1254,4387,590,19758.61,7950.36,23777.54,4206.7
2021-01-25,7380,3367,4512,1316,23394.6,21346.78,24455.04,9383.08
2021-01-26,1637,3415,2765,1322,5189.29,21651.1,14986.3,9425.86
2021-01-27,2627,2433,3133,1893,8327.59,15425.22,16980.86,13497.09
2021-01-28,1266,2913,2770,922,4013.22,18468.42,15013.4,6573.86
2021-01-29,5798,1539,1347,763,18379.66,9757.26,7300.74,5440.19
2021-01-30,5245,596,4953,1972,16626.65,3778.64,26845.26,14060.36
2021-01-31,3081,2860,2552,1040,9766.77,18132.4,13831.84,7415.2
2021-02-01,5727,1109,3335,668,18154.59,7031.06,18075.7,4762.84
2021-02-02,7645,1647,3906,1955,24234.65,10441.98,21170.52,13939.15
2021-02-03,7339,758,3099,1508,23264.63,4805.72,16796.58,10752.04
2021-02-04,3565,2252,4126,1492,11301.05,14277.68,22362.92,10637.96
2021-02-05,7432,2893,3703,524,23559.44,18341.62,20070.26,3736.12
2021-02-06,7050,1125,3991,787,22348.5,7132.5,21631.22,5611.31
2021-02-07,6919,2330,1612,1601,21933.23,14772.2,8737.04,11415.13
2021-02-08,7221,2998,1423,1903,22890.57,19007.32,7712.66,13568.39
2021-02-09,1700,646,4424,1365,5389.0,4095.64,23978.08,9732.45
2021-02-10,1820,2744,3846,1659,5769.4,17396.96,20845.32,11828.67
2021-02-11,3676,3994,4044,879,11652.92,25321.96,21918.48,6267.27
2021-02-12,1733,2741,388,559,5493.61,17377.94,2102.96,3985.67
2021-02-13,6438,968,3659,252,20408.46,6137.12,19831.78,1796.76
2021-02-14,6743,3597,2822,1464,21375.31,22804.98,15295.24,10438.32
2021-02-15,4139,752,5607,841,13120.63,4767.68,30389.94,5996.33
2021-02-16,453,2527,1189,467,1436.01,16021.18,6444.38,3329.71
2021-02-17,1566,1761,1935,793,4964.22,11164.74,10487.7,5654.09
2021-02-18,4837,3499,5086,1508,15333.29,22183.66,27566.12,10752.04
2021-02-19,6576,878,2027,607,20845.92,5566.52,10986.34,4327.91
2021-02-20,2209,2250,2689,1186,7002.53,14265.0,14574.38,8456.18
2021-02-21,939,417,629,733,2976.63,2643.78,3409.18,5226.29
2021-02-22,904,936,4102,404,2865.68,5934.24,22232.84,2880.52
2021-02-23,674,2085,2390,1695,2136.58,13218.9,12953.8,12085.35
2021-02-24,6986,2205,4320,714,22145.62,13979.7,23414.4,5090.82
2021-02-25,6808,2814,3245,1276,21581.36,17840.76,17587.9,9097.88
2021-02-26,653,1821,2376,768,2070.01,11545.14,12877.92,5475.84
2021-02-27,576,3888,4530,980,1825.92,24649.92,24552.6,6987.4
2021-02-28,3846,1599,5385,598,12191.82,10137.66,29186.7,4263.74
2021-03-01,6711,2440,2164,1419,21273.87,15469.6,11728.88,10117.47
2021-03-02,7665,3849,3558,529,24298.05,24402.66,19284.36,3771.77
2021-03-03,3107,2962,5050,1212,9849.19,18779.08,27371.0,8641.56
2021-03-04,7507,2803,3428,1861,23797.19,17771.02,18579.76,13268.93
2021-03-05,5462,1354,5784,747,17314.54,8584.36,31349.28,5326.11
2021-03-06,4327,2073,5252,1284,13716.59,13142.82,28465.84,9154.92
2021-03-07,6081,3706,2548,660,19276.77,23496.04,13810.16,4705.8
2021-03-08,6451,3569,2625,1910,20449.67,22627.46,14227.5,13618.3
2021-03-09,7178,3653,5148,1282,22754.26,23160.02,27902.16,9140.66
2021-03-10,2018,1977,2161,296,6397.06,12534.18,11712.62,2110.48
2021-03-11,6640,1317,1375,1024,21048.8,8349.78,7452.5,7301.12
2021-03-12,5987,2354,491,602,18978.79,14924.36,2661.22,4292.26
2021-03-13,4931,839,2525,487,15631.27,5319.26,13685.5,3472.31
2021-03-14,6561,1048,308,1656,20798.37,6644.32,1669.36,11807.28
2021-03-15,1595,2299,573,1509,5056.15,14575.66,3105.66,10759.17
2021-03-16,7369,3382,1884,896,23359.73,21441.88,10211.28,6388.48
2021-03-17,1059,318,2336,1072,3357.03,2016.12,12661.12,7643.36
2021-03-18,3968,1674,5722,313,12578.56,10613.16,31013.24,2231.69
2021-03-19,5601,2733,701,458,17755.17,17327.22,3799.42,3265.54
2021-03-20,3670,860,3689,1917,11633.9,5452.4,19994.38,13668.21
2021-03-21,5793,2182,5353,1422,18363.81,13833.88,29013.26,10138.86
2021-03-22,4826,3562,4222,1623,15298.42,22583.08,22883.24,11571.99
2021-03-23,2250,262,2376,755,7132.5,1661.08,12877.92,5383.15
2021-03-24,5194,3241,4858,1467,16464.98,20547.94,26330.36,10459.71
2021-03-25,4960,3752,1804,1447,15723.2,23787.68,9777.68,10317.11
2021-03-26,2957,2750,3399,900,9373.69,17435.0,18422.58,6417.0
2021-03-27,673,3237,5089,582,2133.41,20522.58,27582.38,4149.66
2021-03-28,1688,934,1769,397,5350.96,5921.56,9587.98,2830.61
2021-03-29,5564,630,3498,934,17637.88,3994.2,18959.16,6659.42
2021-03-30,1095,2303,492,1513,3471.15,14601.02,2666.64,10787.69
2021-03-31,1995,391,4812,1850,6324.15,2478.94,26081.04,13190.5
2021-04-01,6594,887,331,261,20902.98,5623.58,1794.02,1860.93
2021-04-02,6845,3125,502,1445,21698.65,19812.5,2720.84,10302.85
2021-04-03,3209,2691,5723,750,10172.53,17060.94,31018.66,5347.5
2021-04-04,554,535,5484,1830,1756.18,3391.9,29723.28,13047.9
2021-04-05,5977,791,1307,1739,18947.09,5014.94,7083.94,12399.07
2021-04-06,3247,1725,3809,1157,10292.99,10936.5,20644.78,8249.41
2021-04-07,4916,3059,4456,836,15583.72,19394.06,24151.52,5960.68
2021-04-08,7692,777,355,763,24383.64,4926.18,1924.1,5440.19
2021-04-09,1120,3834,4324,1774,3550.4,24307.56,23436.08,12648.62
2021-04-10,7385,3873,5916,1934,23410.45,24554.82,32064.72,13789.42
2021-04-11,5336,1764,1168,1855,16915.12,11183.76,6330.56,13226.15
2021-04-12,3962,829,4266,1181,12559.54,5255.86,23121.72,8420.53
2021-04-13,7125,3465,3281,1569,22586.25,21968.1,17783.02,11186.97
2021-04-14,7075,1990,380,1859,22427.75,12616.6,2059.6,13254.67
2021-04-15,3746,3755,2969,1532,11874.82,23806.7,16091.98,10923.16
2021-04-16,4046,2031,3164,1558,12825.82,12876.54,17148.88,11108.54
2021-04-17,6139,2971,4538,279,19460.63,18836.14,24595.96,1989.27
2021-04-18,5193,3791,5368,1877,16461.81,24034.94,29094.56,13383.01
2021-04-19,7962,3111,3655,571,25239.54,19723.74,19810.1,4071.23
2021-04-20,3631,2811,2311,1993,11510.27,17821.74,12525.62,14210.09
2021-04-21,6135,3159,4338,1901,19447.95,20028.06,23511.96,13554.13
2021-04-22,7742,261,796,1053,24542.14,1654.74,4314.32,7507.89
2021-04-23,5455,1218,3558,1467,17292.35,7722.12,19284.36,10459.71
2021-04-24,5790,2402,2995,1921,18354.3,15228.68,16232.9,13696.73
2021-04-25,392,3495,4715,919,1242.64,22158.3,25555.3,6552.47
2021-04-26,4447,413,651,1445,14096.99,2618.42,3528.42,10302.85
2021-04-27,2818,3206,3708,1977,8933.06,20326.04,20097.36,14096.01
2021-04-28,4937,3247,3996,1423,15650.29,20585.98,21658.32,10145.99
2021-04-29,3949,1599,1702,1064,12518.33,10137.66,9224.84,7586.32
2021-04-30,4394,408,1712,251,13928.98,2586.72,9279.04,1789.63
2021-05-01,5962,1142,5961,1533,18899.54,7240.28,32308.62,10930.29
2021-05-02,2281,2435,2161,1817,7230.77,15437.9,11712.62,12955.21
2021-05-03,5150,3857,3961,1775,16325.5,24453.38,21468.62,12655.75
2021-05-04,3843,3971,4283,1349,12182.31,25176.14,23213.86,9618.37
2021-05-05,7305,1307,4243,1448,23156.85,8286.38,22997.06,10324.24
2021-05-06,2427,3537,2754,1731,7693.59,22424.58,14926.68,12342.03
2021-05-07,4072,2362,3734,1116,12908.24,14975.08,20238.28,7957.08
2021-05-08,558,770,1500,631,1768.86,4881.8,8130.0,4499.03
2021-05-09,1087,691,643,414,3445.79,4380.94,3485.06,2951.82
2021-05-10,627,1589,1047,925,1987.59,10074.26,5674.74,6595.25
2021-05-11,906,486,4076,1127,2872.02,3081.24,22091.92,8035.51
2021-05-12,5812,1891,4420,838,18424.04,11988.94,23956.4,5974.94
2021-05-13,6140,1649,2565,571,19463.8,10454.66,13902.3,4071.23
2021-05-14,4378,3820,3085,713,13878.26,24218.8,16720.7,5083.69
2021-05-15,802,2412,3924,562,2542.34,15292.08,21268.08,4007.06
2021-05-16,6074,837,3981,257,19254.58,5306.58,21577.02,1832.41
2021-05-17,5361,2903,2019,252,16994.37,18405.02,10942.98,1796.76
2021-05-18,4594,985,5566,1842,14562.98,6244.9,30167.72,13133.46
2021-05-19,6212,3698,5442,785,19692.04,23445.32,29495.64,5597.05
2021-05-20,4417,2355,571,1346,14001.89,14930.7,3094.82,9596.98
2021-05-21,7480,2007,1942,1169,23711.6,12724.38,10525.64,8334.97
2021-05-22,5341,1362,5238,1518,16930.97,8635.08,28389.96,10823.34
2021-05-23,3489,3994,5950,1733,11060.13,25321.96,32249.0,12356.29
2021-05-24,649,1999,4932,1432,2057.33,12673.66,26731.44,10210.16
2021-05-25,6717,1049,1206,803,21292.89,6650.66,6536.52,5725.39
2021-05-26,1075,1583,4431,1313,3407.75,10036.22,24016.02,9361.69
2021-05-27,4408,3972,3119,809,13973.36,25182.48,16904.98,5768.17
2021-05-28,6483,2365,2985,883,20551.11,14994.1,16178.7,6295.79
2021-05-29,696,1160,846,1512,2206.32,7354.4,4585.32,10780.56
2021-05-30,1388,3197,5645,1882,4399.96,20268.98,30595.9,13418.66
2021-05-31,2620,377,875,284,8305.4,2390.18,4742.5,2024.92
2021-06-01,2671,1459,1980,1379,8467.07,9250.06,10731.6,9832.27
2021-06-02,3928,2781,5530,710,12451.76,17631.54,29972.6,5062.3
2021-06-03,2863,1953,2039,1348,9075.71,12382.02,11051.38,9611.24
2021-06-04,7312,3933,705,807,23179.04,24935.22,3821.1,5753.91
2021-06-05,2034,1924,3734,833,6447.78,12198.16,20238.28,5939.29
2021-06-06,3141,398,5894,1621,9956.97,2523.32,31945.48,11557.73
2021-06-07,4967,3083,5750,489,15745.39,19546.22,31165.0,3486.57
2021-06-08,7176,2522,436,746,22747.92,15989.48,2363.12,5318.98
2021-06-09,1151,887,5769,1476,3648.67,5623.58,31267.98,10523.88
2021-06-10,3673,503,5428,1507,11643.41,3189.02,29419.76,10744.91
2021-06-11,571,1506,3592,1344,1810.07,9548.04,19468.64,9582.72
2021-06-12,1364,3397,3660,535,4323.88,21536.98,19837.2,3814.55
2021-06-13,5898,1997,1910,1165,18696.66,12660.98,10352.2,8306.45
2021-06-14,6842,1089,3250,1231,21689.14,6904.26,17615.0,8777.03
2021-06-15,5073,342,4698,1119,16081.41,2168.28,25463.16,7978.47
2021-06-16,1280,3876,4375,600,4057.6,24573.84,23712.5,4278.0
2021-06-17,7859,1278,2422,1783,24913.03,8102.52,13127.24,12712.79
2021-06-18,5572,3694,619,391,17663.24,23419.96,3354.98,2787.83
2021-06-19,1746,292,4316,1792,5534.82,1851.28,23392.72,12776.96
2021-06-20,4707,532,3264,1505,14921.19,3372.88,17690.88,10730.65
2021-06-21,7125,1641,5742,1500,22586.25,10403.94,31121.64,10695.0
2021-06-22,7382,2060,2617,399,23400.94,13060.4,14184.14,2844.87
2021-06-23,3071,1689,1670,1186,9735.07,10708.26,9051.4,8456.18
2021-06-24,3488,1947,3440,1277,11056.96,12343.98,18644.8,9105.01
2021-06-25,861,2666,3856,1250,2729.37,16902.44,20899.52,8912.5
2021-06-26,4111,3281,3321,1834,13031.87,20801.54,17999.82,13076.42
2021-06-27,5844,2768,2162,1775,18525.48,17549.12,11718.04,12655.75
2021-06-28,612,2451,2763,1886,1940.04,15539.34,14975.46,13447.18
2021-06-29,4267,424,1320,823,13526.39,2688.16,7154.4,5867.99
2021-06-30,4581,2324,829,1785,14521.77,14734.16,4493.18,12727.05
2021-07-01,3360,653,459,707,10651.2,4140.02,2487.78,5040.91
2021-07-02,2845,427,3620,1044,9018.65,2707.18,19620.4,7443.72
2021-07-03,7213,3503,4615,442,22865.21,22209.02,25013.3,3151.46
2021-07-04,7317,654,1402,521,23194.89,4146.36,7598.84,3714.73
2021-07-05,3153,1505,467,1718,9995.01,9541.7,2531.14,12249.34
2021-07-06,1941,3582,314,1101,6152.97,22709.88,1701.88,7850.13
2021-07-07,3744,885,725,1554,11868.48,5610.9,3929.5,11080.02
2021-07-08,3208,2252,1977,1291,10169.36,14277.68,10715.34,9204.83
2021-07-09,5750,1989,4749,1609,18227.5,12610.26,25739.58,11472.17
2021-07-10,7308,1704,1185,1037,23166.36,10803.36,6422.7,7393.81
2021-07-11,6878,1987,3254,1264,21803.26,12597.58,17636.68,9012.32
2021-07-12,7690,2532,2753,835,24377.3,16052.88,14921.26,5953.55
2021-07-13,6040,1262,2434,1813,19146.8,8001.08,13192.28,12926.69
2021-07-14,916,433,2633,457,2903.72,2745.22,14270.86,3258.41
2021-07-15,5108,2827,1277,1518,16192.36,17923.18,6921.34,10823.34
2021-07-16,6318,1296,888,905,20028.06,8216.64,4812.96,6452.65
2021-07-17,1849,506,4554,1681,5861.33,3208.04,24682.68,11985.53
2021-07-18,1000,894,664,1371,3170.0,5667.96,3598.88,9775.23
2021-07-19,3862,675,3417,1412,12242.54,4279.5,18520.14,10067.56
2021-07-20,6655,1077,3811,792,21096.35,6828.18,20655.62,5646.96
2021-07-21,3960,2801,2971,1428,12553.2,17758.34,16102.82,10181.64
2021-07-22,4581,955,2467,469,14521.77,6054.7,13371.14,3343.97
2021-07-23,5183,2651,4038,1178,16430.11,16807.34,21885.96,8399.14
2021-07-24,6081,3523,2494,1637,19276.77,22335.82,13517.48,11671.81
2021-07-25,2907,1403,2614,1292,9215.19,8895.02,14167.88,9211.96
2021-07-26,6188,588,511,1695,19615.96,3727.92,2769.62,12085.35
2021-07-27,5757,3043,573,1248,18249.69,19292.62,3105.66,8898.24
2021-07-28,4251,1589,1078,627,13475.67,10074.26,5842.76,4470.51
2021-07-29,2546,3813,2877,1482,8070.82,24174.42,15593.34,10566.66
2021-07-30,7453,3249,3045,1746,23626.01,20598.66,16503.9,12448.98
2021-07-31,294,2439,3448,1596,931.98,15463.26,18688.16,11379.48
2021-08-01,2928,1962,5210,1710,9281.76,12439.08,28238.2,12192.3
2021-08-02,7184,647,2069,1336,22773.28,4101.98,11213.98,9525.68
2021-08-03,4761,1727,3744,1556,15092.37,10949.18,20292.48,11094.28
2021-08-04,1596,3633,2954,369,5059.32,23033.22,16010.68,2630.97
2021-08-05,4062,1098,4384,1739,12876.54,6961.32,23761.28,12399.07
2021-08-06,3967,972,5210,1181,12575.39,6162.48,28238.2,8420.53
2021-08-07,4714,1011,593,936,14943.38,6409.74,3214.06,6673.68
2021-08-08,7539,1323,4203,802,23898.63,8387.82,22780.26,5718.26
2021-08-09,5383,3207,3549,928,17064.11,20332.38,19235.58,6616.64
2021-08-10,1942,3794,3733,822,6156.14,24053.96,20232.86,5860.86
2021-08-11,1162,2312,5995,1670,3683.54,14658.08,32492.9,11907.1
2021-08-12,3643,2434,3887,625,11548.31,15431.56,21067.54,4456.25
2021-08-13,3498,2330,1406,578,11088.66,14772.2,7620.52,4121.14
2021-08-14,1597,2519,342,836,5062.49,15970.46,1853.64,5960.68
2021-08-15,7884,1542,5166,898,24992.28,9776.28,27999.72,6402.74
2021-08-16,668,462,4334,1778,2117.56,2929.08,23490.28,12677.14
2021-08-17,7985,3366,2883,477,25312.45,21340.44,15625.86,3401.01
2021-08-18,3809,3946,4588,1131,12074.53,25017.64,24866.96,8064.03
2021-08-19,1273,1476,2029,1091,4035.41,9357.84,10997.18,7778.83
2021-08-20,6975,821,628,577,22110.75,5205.14,3403.76,4114.01
2021-08-21,7777,3969,3111,425,24653.09,25163.46,16861.62,3030.25
2021-08-22,6133,1165,2505,840,19441.61,7386.1,13577.1,5989.2
2021-08-23,1176,3693,3434,688,3727.92,23413.62,18612.28,4905.44
2021-08-24,354,2001,3316,1887,1122.18,12686.34,17972.72,13454.31
2021-08-25,629,2712,3640,595,1993.93,17194.08,19728.8,4242.35
2021-08-26,7671,723,4446,1262,24317.07,4583.82,24097.32,8998.06
2021-08-27,1582,994,1159,317,5014.94,6301.96,6281.78,2260.21
2021-08-28,356,388,4278,1160,1128.52,2459.92,23186.76,8270.8
2021-08-29,667,321,4834,926,2114.39,2035.14,26200.28,6602.38
2021-08-31,1690,1730,3154,1130,5357.3,10968.2,17094.68,8056.9
2021-09-01,1648,3043,4235,1062,5224.16,19292.62,22953.7,7572.06
2021-09-02,7770,2732,1155,758,24630.9,17320.88,6260.1,5404.54
2021-09-03,7492,632,4915,681,23749.64,4006.88,26639.3,4855.53
2021-09-04,3545,2759,333,486,11237.65,17492.06,1804.86,3465.18
2021-09-05,7758,2444,5283,1735,24592.86,15494.96,28633.86,12370.55
2021-09-06,849,3947,5175,1732,2691.33,25023.98,28048.5,12349.16
2021-09-07,2201,3338,5843,1719,6977.17,21162.92,31669.06,12256.47
2021-09-08,6721,3006,4287,1149,21305.57,19058.04,23235.54,8192.37
2021-09-09,2008,2710,1052,1603,6365.36,17181.4,5701.84,11429.39
2021-09-10,679,2283,1302,1303,2152.43,14474.22,7056.84,9290.39
2021-09-11,6812,3630,5342,1581,21594.04,23014.2,28953.64,11272.53
2021-09-12,1191,1446,3690,1042,3775.47,9167.64,19999.8,7429.46
2021-09-13,800,1533,1168,1102,2536.0,9719.22,6330.56,7857.26
2021-09-14,7447,1329,2607,412,23606.99,8425.86,14129.94,2937.56
2021-09-15,742,3840,5352,1249,2352.14,24345.6,29007.84,8905.37
2021-09-16,2495,611,5054,285,7909.15,3873.74,27392.68,2032.05
2021-09-17,4608,3041,343,1366,14607.36,19279.94,1859.06,9739.58
2021-09-18,1302,1005,3356,1430,4127.34,6371.7,18189.52,10195.9
2021-09-19,3754,3880,5602,591,11900.18,24599.2,30362.84,4213.83
2021-09-20,5919,3910,3674,1385,18763.23,24789.4,19913.08,9875.05
2021-09-21,5194,2047,1807,1861,16464.98,12977.98,9793.94,13268.93
2021-09-22,4867,1288,5210,356,15428.39,8165.92,28238.2,2538.28
2021-09-23,6635,3380,1437,376,21032.95,21429.2,7788.54,2680.88
2021-09-24,1431,796,2698,905,4536.27,5046.64,14623.16,6452.65
2021-09-25,6225,1598,3752,1889,19733.25,10131.32,20335.84,13468.57
2021-09-26,4554,2120,2447,412,14436.18,13440.8,13262.74,2937.56
2021-09-27,2269,458,3513,830,7192.73,2903.72,19040.46,5917.9
2021-09-28,5593,322,4760,771,17729.81,2041.48,25799.2,5497.23
2021-09-29,409,2067,5767,1488,1296.53,13104.78,31257.14,10609.44
2021-09-30,3792,3983,3144,1251,12020.64,25252.22,17040.48,8919.63
2021-10-01,2774,282,5211,883,8793.58,1787.88,28243.62,6295.79
2021-10-02,5835,289,1475,1369,18496.95,1832.26,7994.5,9760.97
2021-10-03,4116,1538,5764,664,13047.72,9750.92,31240.88,4734.32
2021-10-04,4781,1089,4031,1671,15155.77,6904.26,21848.02,11914.23
2021-10-05,7052,2334,4460,984,22354.84,14797.56,24173.2,7015.92
2021-10-06,6555,3812,5203,706,20779.35,24168.08,28200.26,5033.78
2021-10-07,3716,2372,3814,1388,11779.72,15038.48,20671.88,9896.44
2021-10-08,1206,3263,3418,1616,3823.02,20687.42,18525.56,11522.08
2021-10-09,2884,3934,1828,1611,9142.28,24941.56,9907.76,11486.43
2021-10-10,1602,3526,3112,1909,5078.34,22354.84,16867.04,13611.17
2021-10-11,3257,2673,4923,270,10324.69,16946.82,26682.66,1925.1
2021-10-12,6665,2190,5281,1694,21128.05,13884.6,28623.02,12078.22
2021-10-13,2870,857,4499,565,9097.9,5433.38,24384.58,4028.45
2021-10-14,4303,2135,4170,675,13640.51,13535.9,22601.4,4812.75
2021-10-15,1203,3255,3743,357,3813.51,20636.7,20287.06,2545.41
2021-10-16,1211,2382,4838,1231,3838.87,15101.88,26221.96,8777.03
2021-10-17,4987,1276,2192,654,15808.79,8089.84,11880.64,4663.02
2021-10-18,6533,2038,1640,1167,20709.61,12920.92,8888.8,8320.71
2021-10-19,5389,1474,689,1659,17083.13,9345.16,3734.38,11828.67
2021-10-20,4197,3661,4038,1299,13304.49,23210.74,21885.96,9261.87
2021-10-21,6736,877,3329,274,21353.12,5560.18,18043.18,1953.62
2021-10-22,6741,878,4434,1272,21368.97,5566.52,24032.28,9069.36
2021-10-23,3548,1862,3816,267,11247.16,11805.08,20682.72,1903.71
2021-10-24,5513,2710,5578,1129,17476.21,17181.4,30232.76,8049.77
2021-10-25,4519,3642,1073,711,14325.23,23090.28,5815.66,5069.43
2021-10-26,3164,1897,2614,1532,10029.88,12026.98,14167.88,10923.16
2021-10-27,1344,574,1398,1818,4260.48,3639.16,7577.16,12962.34
2021-10-28,6689,1610,2305,1036,21204.13,10207.4,12493.1,7386.68
2021-10-29,4254,3127,5891,251,13485.18,19825.18,31929.22,1789.63
2021-10-30,6404,988,4526,1741,20300.68,6263.92,24530.92,12413.33
2021-11-01,1923,3482,5509,1833,6095.91,22075.88,29858.78,13069.29
2021-11-02,684,3684,3469,851,2168.28,23356.56,18801.98,6067.63
2021-11-03,572,424,4371,356,1813.24,2688.16,23690.82,2538.28
2021-11-04,2090,2525,4102,1272,6625.3,16008.5,22232.84,9069.36
2021-11-05,6000,2382,5144,1064,19020.0,15101.88,27880.48,7586.32
2021-11-06,4326,3180,5128,634,13713.42,20161.2,27793.76,4520.42
2021-11-07,5689,1602,981,382,18034.13,10156.68,5317.02,2723.66
2021-11-08,1872,3148,3429,1094,5934.24,19958.32,18585.18,7800.22
2021-11-09,1008,2726,4863,1153,3195.36,17282.84,26357.46,8220.89
2021-11-10,3513,3402,4953,498,11136.21,21568.68,26845.26,3550.74
2021-11-11,2378,546,5274,1506,7538.26,3461.64,28585.08,10737.78
2021-11-12,6207,309,4924,847,19676.19,1959.06,26688.08,6039.11
2021-11-13,4222,1727,3406,832,13383.74,10949.18,18460.52,5932.16
2021-11-14,4628,2612,5169,1562,14670.76,16560.08,28015.98,11137.06
2021-11-15,1844,1292,4514,1030,5845.48,8191.28,24465.88,7343.9
2021-11-16,5204,1803,2411,855,16496.68,11431.02,13067.62,6096.15
2021-11-17,5705,1275,4465,422,18084.85,8083.5,24200.3,3008.86
2021-11-18,4231,1753,4534,551,13412.27,11114.02,24574.28,3928.63
2021-11-19,265,2372,3805,1130,840.05,15038.48,20623.1,8056.9
2021-11-20,4367,1369,2980,1946,13843.39,8679.46,16151.6,13874.98
2021-11-21,3445,3823,4956,1098,10920.65,24237.82,26861.52,7828.74
2021-11-22,1922,2771,2384,1304,6092.74,17568.14,12921.28,9297.52
2021-11-23,3464,3146,2687,1032,10980.88,19945.64,14563.54,7358.16
2021-11-24,6072,851,1977,549,19248.24,5395.34,10715.34,3914.37
2021-11-25,2429,3954,488,1299,7699.93,25068.36,2644.96,9261.87
2021-11-26,7199,3510,3832,259,22820.83,22253.4,20769.44,1846.67
2021-11-27,1311,984,563,1100,4155.87,6238.56,3051.46,7843.0
2021-11-28,4356,2745,4583,1496,13808.52,17403.3,24839.86,10666.48
2021-11-29,4626,883,5238,1466,14664.42,5598.22,28389.96,10452.58
2021-11-30,2357,1540,3970,1017,7471.69,9763.6,21517.4,7251.21
2021-12-01,3464,3640,3136,1142,10980.88,23077.6,16997.12,8142.46
2021-12-02,4269,2598,1284,1273,13532.73,16471.32,6959.28,9076.49
2021-12-03,5387,422,5089,1866,17076.79,2675.48,27582.38,13304.58
2021-12-04,2935,3267,5183,1346,9303.95,20712.78,28091.86,9596.98
2021-12-05,7701,3436,784,1645,24412.17,21784.24,4249.28,11728.85
2021-12-06,476,1801,2873,1187,1508.92,11418.34,15571.66,8463.31
2021-12-07,3274,3993,2199,515,10378.58,25315.62,11918.58,3671.95
2021-12-08,2794,3152,5155,449,8856.98,19983.68,27940.1,3201.37
2021-12-09,1928,2690,3970,1908,6111.76,17054.6,21517.4,13604.04
2021-12-10,6404,1602,616,1747,20300.68,10156.68,3338.72,12456.11
2021-12-11,1544,3639,489,1649,4894.48,23071.26,2650.38,11757.37
2021-12-12,3727,3183,5265,1679,11814.59,20180.22,28536.3,11971.27
2021-12-13,3758,3895,1289,1390,11912.86,24694.3,6986.38,9910.7
2021-12-14,6468,2319,2018,1418,20503.56,14702.46,10937.56,10110.34
2021-12-15,6706,599,2783,934,21258.02,3797.66,15083.86,6659.42
2021-12-16,4614,1644,3933,714,14626.38,10422.96,21316.86,5090.82
2021-12-17,2756,2673,4777,1300,8736.52,16946.82,25891.34,9269.0
2021-12-18,3555,2974,5051,988,11269.35,18855.16,27376.42,7044.44
2021-12-19,487,2548,3982,1604,1543.79,16154.32,21582.44,11436.52
2021-12-20,3681,1045,3385,346,11668.77,6625.3,18346.7,2466.98
2021-12-21,612,1921,3855,1128,1940.04,12179.14,20894.1,8042.64
2021-12-22,321,1976,4131,288,1017.57,12527.84,22390.02,2053.44
2021-12-23,5522,2693,2039,415,17504.74,17073.62,11051.38,2958.95
2021-12-24,504,1655,1644,1636,1597.68,10492.7,8910.48,11664.68
2021-12-25,2025,3571,2276,518,6419.25,22640.14,12335.92,3693.34
2021-12-26,6422,3643,5080,346,20357.74,23096.62,27533.6,2466.98
2021-12-27,7919,1984,3326,1932,25103.23,12578.56,18026.92,13775.16
2021-12-28,1170,2420,1666,440,3708.9,15342.8,9029.72,3137.2
2021-12-29,3314,2840,823,457,10505.38,18005.6,4460.66,3258.41
2021-12-30,3834,3829,3346,1349,12153.78,24275.86,18135.32,9618.37
2022-01-01,1706,302,5432,935,5408.02,1914.68,29441.44,6666.55
2022-01-02,2335,2595,1169,416,7401.95,16452.3,6335.98,2966.08
2022-01-03,2217,3730,5163,1312,7027.89,23648.2,27983.46,9354.56
2022-01-04,2045,3252,3509,436,6482.65,20617.68,19018.78,3108.68
2022-01-05,2461,2990,1107,1527,7801.37,18956.6,5999.94,10887.51
2022-01-06,3213,308,4103,1829,10185.21,1952.72,22238.26,13040.77
2022-01-07,3373,2850,4955,767,10692.41,18069.0,26856.1,5468.71
2022-01-08,7365,3929,3415,624,23347.05,24909.86,18509.3,4449.12
2022-01-09,7113,2966,2201,421,22548.21,18804.44,11929.42,3001.73
2022-01-10,2411,1137,1857,1661,7642.87,7208.58,10064.94,11842.93
2022-01-11,622,335,4327,1699,1971.74,2123.9,23452.34,12113.87
2022-01-12,3352,2258,4241,1190,10625.84,14315.72,22986.22,8484.7
2022-01-13,2292,2602,1332,791,7265.64,16496.68,7219.44,5639.83
2022-01-14,5324,1857,840,1492,16877.08,11773.38,4552.8,10637.96
2022-01-15,4613,728,1303,1638,14623.21,4615.52,7062.26,11678.94
2022-01-16,6671,2029,854,790,21147.07,12863.86,4628.68,5632.7
2022-01-17,4640,466,2234,1963,14708.8,2954.44,12108.28,13996.19
2022-01-18,7156,502,5210,1403,22684.52,3182.68,28238.2,10003.39
2022-01-19,4530,3172,5166,693,14360.1,20110.48,27999.72,4941.09
2022-01-20,4935,2747,2926,742,15643.95,17415.98,15858.92,5290.46
2022-01-21,6157,974,4082,1863,19517.69,6175.16,22124.44,13283.19
2022-01-22,1075,2755,714,1905,3407.75,17466.7,3869.88,13582.65
2022-01-23,5197,2819,1813,1186,16474.49,17872.46,9826.46,8456.18
2022-01-24,1686,1561,2003,659,5344.62,9896.74,10856.26,4698.67
2022-01-25,4999,516,2360,1063,15846.83,3271.44,12791.2,7579.19
2022-01-26,5041,2918,5153,257,15979.97,18500.12,27929.26,1832.41
2022-01-27,676,3307,1757,386,2142.92,20966.38,9522.94,2752.18
2022-01-28,6793,1587,1294,1152,21533.81,10061.58,7013.48,8213.76
2022-01-29,7098,990,929,1041,22500.66,6276.6,5035.18,7422.33
2022-01-30,6244,3092,4362,1507,19793.48,19603.28,23642.04,10744.91
2022-01-31,7046,1115,3854,335,22335.82,7069.1,20888.68,2388.55
2022-02-01,4285,2464,2450,1759,13583.45,15621.76,13279.0,12541.67
2022-02-02,1395,3997,2860,1991,4422.15,25340.98,15501.2,14195.83
2022-02-03,7546,1582,4146,1939,23920.82,10029.88,22471.32,13825.07
2022-02-04,1347,355,1391,1516,4269.99,2250.7,7539.22,10809.08
2022-02-05,4804,2081,1696,540,15228.68,13193.54,9192.32,3850.2
2022-02-06,706,3446,3076,861,2238.02,21847.64,16671.92,6138.93
2022-02-07,5208,2329,4805,524,16509.36,14765.86,26043.1,3736.12
2022-02-08,1957,804,2559,961,6203.69,5097.36,13869.78,6851.93
2022-02-09,5882,426,802,1349,18645.94,2700.84,4346.84,9618.37
2022-02-10,7681,754,1805,742,24348.77,4780.36,9783.1,5290.46
2022-02-11,3936,2883,1900,1061,12477.12,18278.22,10298.0,7564.93
2022-02-12,7239,3920,4864,1259,22947.63,24852.8,26362.88,8976.67
2022-02-13,1106,2925,1799,1793,3506.02,18544.5,9750.58,12784.09
2022-02-14,807,3464,948,1425,2558.19,21961.76,5138.16,10160.25
2022-02-15,5600,1142,896,460,17752.0,7240.28,4856.32,3279.8
2022-02-16,7509,3091,1064,1142,23803.53,19596.94,5766.88,8142.46
2022-02-17,7252,3326,5091,442,22988.84,21086.84,27593.22,3151.46
2022-02-18,5352,2440,902,1298,16965.84,15469.6,4888.84,9254.74
2022-02-19,7330,957,3021,959,23236.1,6067.38,16373.82,6837.67
2022-02-20,4996,572,5658,598,15837.32,3626.48,30666.36,4263.74
2022-02-21,5695,975,5419,1893,18053.15,6181.5,29370.98,13497.09
2022-02-22,379,1254,5679,311,1201.43,7950.36,30780.18,2217.43
2022-02-23,2346,1425,4119,1318,7436.82,9034.5,22324.98,9397.34
2022-02-24,2052,1507,4604,428,6504.84,9554.38,24953.68,3051.64
2022-02-25,1661,3737,544,1975,5265.37,23692.58,2948.48,14081.75
2022-02-26,7889,1241,1275,1444,25008.13,7867.94,6910.5,10295.72
2022-02-27,5058,2153,791,1419,16033.86,13650.02,4287.22,10117.47
2022-02-28,4715,2521,3181,1922,14946.55,15983.14,17241.02,13703.86
2022-03-01,6396,2410,4993,1292,20275.32,15279.4,27062.06,9211.96
2022-03-02,4223,1420,5183,1341,13386.91,9002.8,28091.86,9561.33
2022-03-03,642,1851,3124,1430,2035.14,11735.34,16932.08,10195.9
2022-03-04,1628,2522,2233,1411,5160.76,15989.48,12102.86,10060.43
2022-03-05,5893,3270,4505,557,18680.81,20731.8,24417.1,3971.41
2022-03-06,3951,3275,5300,597,12524.67,20763.5,28726.0,4256.61
2022-03-07,7769,2845,1690,379,24627.73,18037.3,9159.8,2702.27
2022-03-08,1908,2781,1079,477,6048.36,17631.54,5848.18,3401.01
2022-03-09,3700,427,4043,1291,11729.0,2707.18,21913.06,9204.83
2022-03-10,6310,1644,3723,1989,20002.7,10422.96,20178.66,14181.57
2022-03-11,3616,688,947,1586,11462.72,4361.92,5132.74,11308.18
2022-03-12,7324,820,1028,1117,23217.08,5198.8,5571.76,7964.21
2022-03-13,1308,1736,4209,752,4146.36,11006.24,22812.78,5361.76
2022-03-14,2576,538,4096,796,8165.92,3410.92,22200.32,5675.48
2022-03-15,644,797,3245,992,2041.48,5052.98,17587.9,7072.96
2022-03-16,2483,1967,633,388,7871.11,12470.78,3430.86,2766.44
2022-03-17,6837,977,4708,502,21673.29,6194.18,25517.36,3579.26
2022-03-18,5178,3383,2659,516,16414.26,21448.22,14411.78,3679.08
2022-03-19,4827,3428,2976,1337,15301.59,21733.52,16129.92,9532.81
2022-03-20,1976,2112,5527,1381,6263.92,13390.08,29956.34,9846.53
2022-03-21,2598,699,2880,811,8235.66,4431.66,15609.6,5782.43
2022-03-22,4482,2785,4348,306,14207.94,17656.9,23566.16,2181.78
2022-03-23,4380,1149,5221,771,13884.6,7284.66,28297.82,5497.23
2022-03-24,2101,1396,4803,1158,6660.17,8850.64,26032.26,8256.54
2022-03-25,5591,552,579,1360,17723.47,3499.68,3138.18,9696.8
2022-03-26,4958,1570,3309,876,15716.86,9953.8,17934.78,6245.88
2022-03-27,2146,2048,1853,1367,6802.82,12984.32,10043.26,9746.71
2022-03-28,6293,3169,1366,704,19948.81,20091.46,7403.72,5019.52
2022-03-29,2320,496,891,1950,7354.4,3144.64,4829.22,13903.5
2022-03-30,1600,3975,4249,1590,5072.0,25201.5,23029.58,11336.7
2022-03-31,3092,1645,4823,1864,9801.64,10429.3,26140.66,13290.32
2022-04-01,2308,706,1036,539,7316.36,4476.04,5615.12,3843.07
2022-04-02,5708,3005,5349,1217,18094.36,19051.7,28991.58,8677.21
2022-04-03,5416,3926,2631,1368,17168.72,24890.84,14260.02,9753.84
2022-04-04,6550,3419,3889,693,20763.5,21676.46,21078.38,4941.09
2022-04-05,7705,1201,2316,551,24424.85,7614.34,12552.72,3928.63
2022-04-06,6411,273,4434,1932,20322.87,1730.82,24032.28,13775.16
2022-04-07,3520,2073,4588,1141,11158.4,13142.82,24866.96,8135.33
2022-04-08,1992,1574,5419,1301,6314.64,9979.16,29370.98,9276.13
2022-04-09,1936,2431,4477,1144,6137.12,15412.54,24265.34,8156.72
2022-04-10,5311,2555,4264,1194,16835.87,16198.7,23110.88,8513.22
2022-04-11,6501,721,2568,341,20608.17,4571.14,13918.56,2431.33
2022-04-12,2618,2384,5577,669,8299.06,15114.56,30227.34,4769.97
2022-04-13,3632,3688,402,1422,11513.44,23381.92,2178.84,10138.86
2022-04-14,6373,423,2961,1675,20202.41,2681.82,16048.62,11942.75
2022-04-15,484,1942,5292,1174,1534.28,12312.28,28682.64,8370.62
2022-04-16,2610,2603,1231,391,8273.7,16503.02,6672.02,2787.83
2022-04-17,7896,1998,1846,636,25030.32,12667.32,10005.32,4534.68
2022-04-18,5806,3441,3766,993,18405.02,21815.94,20411.72,7080.09
2022-04-19,5880,3267,5027,331,18639.6,20712.78,27246.34,2360.03
2022-04-20,1450,1681,2741,705,4596.5,10657.54,14856.22,5026.65
2022-04-21,1480,3367,2353,794,4691.6,21346.78,12753.26,5661.22
2022-04-22,673,2291,4845,1761,2133.41,14524.94,26259.9,12555.93
2022-04-23,4431,1057,5068,1048,14046.27,6701.38,27468.56,7472.24
2022-04-24,6905,2062,579,1707,21888.85,13073.08,3138.18,12170.91
2022-04-25,5435,541,2474,832,17228.95,3429.94,13409.08,5932.16
2022-04-26,4425,2998,5725,1891,14027.25,19007.32,31029.5,13482.83
2022-04-27,3273,2357,3062,707,10375.41,14943.38,16596.04,5040.91
2022-04-28,2159,1532,1483,1474,6844.03,9712.88,8037.86,10509.62
2022-04-29,2051,1385,1538,888,6501.67,8780.9,8335.96,6331.44
2022-04-30,6766,1356,5096,1131,21448.22,8597.04,27620.32,8064.03
2022-05-01,2524,500,279,661,8001.08,3170.0,1512.18,4712.93
2022-05-02,3138,1075,3797,386,9947.46,6815.5,20579.74,2752.18
2022-05-03,4372,439,3815,520,13859.24,2783.26,20677.3,3707.6
2022-05-04,5785,2301,5086,1965,18338.45,14588.34,27566.12,14010.45
2022-05-05,1144,3025,4500,1435,3626.48,19178.5,24390.0,10231.55
2022-05-06,3280,3774,4757,1350,10397.6,23927.16,25782.94,9625.5
2022-05-07,901,3213,3421,1306,2856.17,20370.42,18541.82,9311.78
2022-05-08,975,1689,5393,362,3090.75,10708.26,29230.06,2581.06
2022-05-09,6122,2819,1734,551,19406.74,17872.46,9398.28,3928.63
2022-05-10,683,2071,2012,1480,2165.11,13130.14,10905.04,10552.4
2022-05-11,904,3803,3970,303,2865.68,24111.02,21517.4,2160.39
2022-05-12,368,780,1963,724,1166.56,4945.2,10639.46,5162.12
2022-05-13,7516,3661,4823,1517,23825.72,23210.74,26140.66,10816.21
2022-05-14,7438,1470,5123,325,23578.46,9319.8,27766.66,2317.25
2022-05-15,7751,1955,566,1032,24570.67,12394.7,3067.72,7358.16
2022-05-16,2978,1474,1499,564,9440.26,9345.16,8124.58,4021.32
2022-05-17,5702,3117,5009,543,18075.34,19761.78,27148.78,3871.59
2022-05-18,3936,3429,3904,482,12477.12,21739.86,21159.68,3436.66
2022-05-19,2707,3502,1212,892,8581.19,22202.68,6569.04,6359.96
2022-05-20,757,3614,1355,1049,2399.69,22912.76,7344.1,7479.37
2022-05-21,2718,942,5570,538,8616.06,5972.28,30189.4,3835.94
2022-05-22,7271,930,2651,1382,23049.07,5896.2,14368.42,9853.66
2022-05-23,2545,1574,3823,1981,8067.65,9979.16,20720.66,14124.53
2022-05-24,6894,366,5555,501,21853.98,2320.44,30108.1,3572.13
2022-05-25,1929,3700,2555,1139,6114.93,23458.0,13848.1,8121.07
2022-05-26,5353,1136,5198,1357,16969.01,7202.24,28173.16,9675.41
2022-05-27,3433,2406,913,941,10882.61,15254.04,4948.46,6709.33
2022-05-28,4517,3153,4297,1057,14318.89,19990.02,23289.74,7536.41
2022-05-29,7441,1491,4385,910,23587.97,9452.94,23766.7,6488.3
2022-05-30,5426,1014,3830,1379,17200.42,6428.76,20758.6,9832.27
2022-05-31,3669,2710,3067,1593,11630.73,17181.4,16623.14,11358.09
2022-06-01,4051,3728,4855,1923,12841.67,23635.52,26314.1,13710.99
2022-06-02,3443,3033,1834,1475,10914.31,19229.22,9940.28,10516.75
2022-06-03,3971,1846,871,328,12588.07,11703.64,4720.82,2338.64
2022-06-04,3927,2854,3434,1797,12448.59,18094.36,18612.28,12812.61
2022-06-05,3996,474,2822,497,12667.32,3005.16,15295.24,3543.61
2022-06-06,3032,3492,5214,1780,9611.44,22139.28,28259.88,12691.4
2022-06-07,4035,1774,1834,1378,12790.95,11247.16,9940.28,9825.14
2022-06-08,5878,3041,3071,467,18633.26,19279.94,16644.82,3329.71
2022-06-09,7661,3727,824,554,24285.37,23629.18,4466.08,3950.02
2022-06-10,4072,1158,1356,1282,12908.24,7341.72,7349.52,9140.66
2022-06-11,827,999,969,631,2621.59,6333.66,5251.98,4499.03
2022-06-12,2209,3184,4423,417,7002.53,20186.56,23972.66,2973.21
2022-06-13,2115,593,2112,776,6704.55,3759.62,11447.04,5532.88
2022-06-14,3034,1954,1364,701,9617.78,12388.36,7392.88,4998.13
2022-06-15,5410,691,365,1245,17149.7,4380.94,1978.3,8876.85
2022-06-16,3525,2829,5319,1846,11174.25,17935.86,28828.98,13161.98
2022-06-17,6996,366,2186,1855,22177.32,2320.44,11848.12,13226.15
2022-06-18,4683,3615,299,1315,14845.11,22919.1,1620.58,9375.95
2022-06-19,1137,3096,2205,1998,3604.29,19628.64,11951.1,14245.74
2022-06-20,2705,637,4542,942,8574.85,4038.58,24617.64,6716.46
2022-06-21,6214,2277,2324,489,19698.38,14436.18,12596.08,3486.57
2022-06-22,6265,3267,821,982,19860.05,20712.78,4449.82,7001.66
2022-06-23,3137,2062,3324,624,9944.29,13073.08,18016.08,4449.12
2022-06-24,1575,2680,2989,1184,4992.75,16991.2,16200.38,8441.92
2022-06-25,6717,2843,3610,763,21292.89,18024.62,19566.2,5440.19
2022-06-26,2381,1137,1719,517,7547.77,7208.58,9316.98,3686.21
2022-06-27,3549,635,1703,1492,11250.33,4025.9,9230.26,10637.96
2022-06-28,7076,2341,3521,1192,22430.92,14841.94,19083.82,8498.96
2022-06-29,1392,1589,3505,1524,4412.64,10074.26,18997.1,10866.12
2022-06-30,3534,2909,5443,748,11202.78,18443.06,29501.06,5333.24
2022-07-01,1998,2892,3009,946,6333.66,18335.28,16308.78,6744.98
2022-07-02,3456,3649,357,727,10955.52,23134.66,1934.94,5183.51
2022-07-03,3651,3637,4779,1940,11573.67,23058.58,25902.18,13832.2
2022-07-04,7147,335,1589,1428,22655.99,2123.9,8612.38,10181.64
2022-07-05,4117,2506,1466,600,13050.89,15888.04,7945.72,4278.0
2022-07-06,1652,3418,4993,1458,5236.84,21670.12,27062.06,10395.54
2022-07-07,3038,1293,647,1205,9630.46,8197.62,3506.74,8591.65
2022-07-08,5877,2192,2524,1501,18630.09,13897.28,13680.08,10702.13
2022-07-09,7471,3769,5126,601,23683.07,23895.46,27782.92,4285.13
2022-07-10,2188,2980,608,1082,6935.96,18893.2,3295.36,7714.66
2022-07-11,6741,2586,5737,1159,21368.97,16395.24,31094.54,8263.67
2022-07-12,7738,913,995,1851,24529.46,5788.42,5392.9,13197.63
2022-07-13,297,401,5591,427,941.49,2542.34,30303.22,3044.51
2022-07-14,1557,464,3284,1800,4935.69,2941.76,17799.28,12834.0
2022-07-15,5813,1058,571,658,18427.21,6707.72,3094.82,4691.54
2022-07-16,2012,888,2706,485,6378.04,5629.92,14666.52,3458.05
2022-07-17,4065,3687,2374,716,12886.05,23375.58,12867.08,5105.08
2022-07-18,7948,560,387,1850,25195.16,3550.4,2097.54,13190.5
2022-07-19,5003,2976,3239,1085,15859.51,18867.84,17555.38,7736.05
2022-07-20,5847,1887,2093,1672,18534.99,11963.58,11344.06,11921.36
2022-07-21,6090,2908,307,313,19305.3,18436.72,1663.94,2231.69
2022-07-22,5681,1677,5690,901,18008.77,10632.18,30839.8,6424.13
2022-07-23,602,2990,4711,440,1908.34,18956.6,25533.62,3137.2
2022-07-24,3864,3485,502,1447,12248.88,22094.9,2720.84,10317.11
2022-07-25,7754,452,4882,1928,24580.18,2865.68,26460.44,13746.64
2022-07-26,7473,3257,789,967,23689.41,20649.38,4276.38,6894.71
2022-07-27,4987,549,2407,1220,15808.79,3480.66,13045.94,8698.6
2022-07-28,3693,2860,1252,468,11706.81,18132.4,6785.84,3336.84
2022-07-29,1180,1840,4423,561,3740.6,11665.6,23972.66,3999.93
2022-07-30,7982,401,1226,251,25302.94,2542.34,6644.92,1789.63
2022-07-31,1437,833,1867,1270,4555.29,5281.22,10119.14,9055.1
2022-08-01,4628,2266,2900,921,14670.76,14366.44,15718.0,6566.73
2022-08-02,2929,2104,757,762,9284.93,13339.36,4102.94,5433.06
2022-08-03,1121,3169,3109,1259,3553.57,20091.46,16850.78,8976.67
2022-08-04,726,2511,4365,1836,2301.42,15919.74,23658.3,13090.68
2022-08-05,2502,2225,1646,1522,7931.34,14106.5,8921.32,10851.86
2022-08-06,381,3161,5042,802,1207.77,20040.74,27327.64,5718.26
2022-08-07,1703,2168,641,351,5398.51,13745.12,3474.22,2502.63
2022-08-08,703,3458,878,1851,2228.51,21923.72,4758.76,13197.63
2022-08-09,5915,1303,1930,1195,18750.55,8261.02,10460.6,8520.35
2022-08-10,7130,325,1458,272,22602.1,2060.5,7902.36,1939.36
2022-08-11,5276,1883,4142,1740,16724.92,11938.22,22449.64,12406.2
2022-08-12,1286,3694,5502,1648,4076.62,23419.96,29820.84,11750.24
2022-08-13,1773,2410,1637,1448,5620.41,15279.4,8872.54,10324.24
2022-08-14,2467,3517,5422,1611,7820.39,22297.78,29387.24,11486.43
2022-08-15,6143,1400,2926,1055,19473.31,8876.0,15858.92,7522.15
2022-08-16,3964,3012,1873,1079,12565.88,19096.08,10151.66,7693.27
2022-08-17,6175,3884,3932,637,19574.75,24624.56,21311.44,4541.81
2022-08-18,5118,843,4725,1259,16224.06,5344.62,25609.5,8976.67
2022-08-19,3112,2762,1357,509,9865.04,17511.08,7354.94,3629.17
2022-08-20,4216,3330,4450,637,13364.72,21112.2,24119.0,4541.81
2022-08-21,5927,721,5711,1897,18788.59,4571.14,30953.62,13525.61
2022-08-22,2536,1598,5702,1484,8039.12,10131.32,30904.84,10580.92
2022-08-23,3618,1976,4813,995,11469.06,12527.84,26086.46,7094.35
2022-08-24,6253,2700,4865,927,19822.01,17118.0,26368.3,6609.51
2022-08-25,1578,534,824,733,5002.26,3385.56,4466.08,5226.29
2022-08-26,5496,2200,386,1140,17422.32,13948.0,2092.12,8128.2
2022-08-27,7301,3558,5548,676,23144.17,22557.72,30070.16,4819.88
2022-08-28,5084,3917,4050,1270,16116.28,24833.78,21951.0,9055.1
2022-08-29,3782,626,1950,723,11988.94,3968.84,10569.0,5154.99
2022-08-31,1035,1639,3658,841,3280.95,10391.26,19826.36,5996.33
2022-09-01,4321,3444,908,965,13697.57,21834.96,4921.36,6880.45
2022-09-02,2073,3675,5661,390,6571.41,23299.5,30682.62,2780.7
2022-09-03,1038,2005,5593,1726,3290.46,12711.7,30314.06,12306.38
2022-09-04,1750,3815,2392,1816,5547.5,24187.1,12964.64,12948.08
2022-09-05,1705,1099,4150,1851,5404.85,6967.66,22493.0,13197.63
2022-09-06,7478,1165,3756,1051,23705.26,7386.1,20357.52,7493.63
2022-09-07,6757,2997,2397,851,21419.69,19000.98,12991.74,6067.63
2022-09-08,839,371,1859,290,2659.63,2352.14,10075.78,2067.7
2022-09-09,2535,3449,1838,1077,8035.95,21866.66,9961.96,7679.01
2022-09-10,6508,1595,2073,279,20630.36,10112.3,11235.66,1989.27
2022-09-11,7163,2317,1995,614,22706.71,14689.78,10812.9,4377.82
2022-09-12,777,2600,5353,926,2463.09,16484.0,29013.26,6602.38
2022-09-13,5578,3297,5601,1835,17682.26,20902.98,30357.42,13083.55
2022-09-14,6334,2285,1107,365,20078.78,14486.9,5999.94,2602.45
2022-09-15,2823,1276,1688,435,8948.91,8089.84,9148.96,3101.55
2022-09-16,6042,2807,713,946,19153.14,17796.38,3864.46,6744.98
2022-09-17,1380,2480,1953,675,4374.6,15723.2,10585.26,4812.75
2022-09-18,1942,2980,1040,1332,6156.14,18893.2,5636.8,9497.16
2022-09-19,2225,2367,3504,1895,7053.25,15006.78,18991.68,13511.35
2022-09-20,7951,2658,5246,1989,25204.67,16851.72,28433.32,14181.57
2022-09-21,656,1529,2885,1751,2079.52,9693.86,15636.7,12484.63
2022-09-22,742,369,4083,368,2352.14,2339.46,22129.86,2623.84
2022-09-23,3274,3767,945,366,10378.58,23882.78,5121.9,2609.58
2022-09-24,375,1920,3131,1419,1188.75,12172.8,16970.02,10117.47
2022-09-25,6181,1241,2022,300,19593.77,7867.94,10959.24,2139.0
2022-09-26,1831,3970,5558,1157,5804.27,25169.8,30124.36,8249.41
2022-09-27,7950,495,1195,908,25201.5,3138.3,6476.9,6474.04
2022-09-28,4113,643,417,285,13038.21,4076.62,2260.14,2032.05
2022-09-29,2485,2463,5605,1643,7877.45,15615.42,30379.1,11714.59
2022-09-30,1419,2435,4176,1294,4498.23,15437.9,22633.92,9226.22
2022-10-01,6788,1458,2175,717,21517.96,9243.72,11788.5,5112.21
2022-10-02,2575,2495,2213,258,8162.75,15818.3,11994.46,1839.54
2022-10-03,4551,445,5876,1105,14426.67,2821.3,31847.92,7878.65
2022-10-04,4161,2789,5226,1573,13190.37,17682.26,28324.92,11215.49
2022-10-05,2711,504,387,472,8593.87,3195.36,2097.54,3365.36
2022-10-06,1401,516,1742,671,4441.17,3271.44,9441.64,4784.23
2022-10-07,4244,920,5184,1907,13453.48,5832.8,28097.28,13596.91
2022-10-08,2750,775,5041,285,8717.5,4913.5,27322.22,2032.05
2022-10-09,1547,1531,3370,1929,4903.99,9706.54,18265.4,13753.77
2022-10-10,704,963,966,1166,2231.68,6105.42,5235.72,8313.58
2022-10-11,7516,410,3458,1605,23825.72,2599.4,18742.36,11443.65
2022-10-12,1204,1791,5205,1551,3816.68,11354.94,28211.1,11058.63
2022-10-13,3675,1600,4215,1103,11649.75,10144.0,22845.3,7864.39
2022-10-14,2436,779,2402,1708,7722.12,4938.86,13018.84,12178.04
2022-10-15,2068,1000,3183,331,6555.56,6340.0,17251.86,2360.03
2022-10-16,3605,1850,3309,808,11427.85,11729.0,17934.78,5761.04
2022-10-17,3306,3015,4383,521,10480.02,19115.1,23755.86,3714.73
2022-10-18,988,964,1463,1722,3131.96,6111.76,7929.46,12277.86
2022-10-19,873,3951,1240,1019,2767.41,25049.34,6720.8,7265.47
2022-10-20,1351,1175,4137,1024,4282.67,7449.5,22422.54,7301.12
2022-10-21,5935,3537,3782,1385,18813.95,22424.58,20498.44,9875.05
2022-10-22,3633,3888,5892,1478,11516.61,24649.92,31934.64,10538.14
2022-10-23,6742,1574,1558,873,21372.14,9979.16,8444.36,6224.49
2022-10-24,6353,3896,4084,726,20139.01,24700.64,22135.28,5176.38
2022-10-25,5682,3434,1260,251,18011.94,21771.56,6829.2,1789.63
2022-10-26,3555,2370,3803,1616,11269.35,15025.8,20612.26,11522.08
2022-10-27,5948,3764,2315,440,18855.16,23863.76,12547.3,3137.2
2022-10-28,3869,3749,2715,835,12264.73,23768.66,14715.3,5953.55
2022-10-29,1635,2640,4529,1818,5182.95,16737.6,24547.18,12962.34
2022-10-30,521,2015,314,1936,1651.57,12775.1,1701.88,13803.68
2022-11-01,6152,1581,2071,342,19501.84,10023.54,11224.82,2438.46
2022-11-02,3010,3113,2963,350,9541.7,19736.42,16059.46,2495.5
2022-11-03,1864,2034,4096,925,5908.88,12895.56,22200.32,6595.25
2022-11-04,3628,2067,4410,1811,11500.76,13104.78,23902.2,12912.43
2022-11-05,3807,1661,4586,847,12068.19,10530.74,24856.12,6039.11
2022-11-06,6699,1952,3497,1152,21235.83,12375.68,18953.74,8213.76
2022-11-07,6427,3727,3147,1551,20373.59,23629.18,17056.74,11058.63
2022-11-08,2372,2721,730,2000,7519.24,17251.14,3956.6,14260.0
2022-11-09,992,604,1358,1563,3144.64,3829.36,7360.36,11144.19
2022-11-10,5498,2385,5817,1578,17428.66,15120.9,31528.14,11251.14
2022-11-11,2679,315,5018,445,8492.43,1997.1,27197.56,3172.85
2022-11-12,6778,2517,2047,1358,21486.26,15957.78,11094.74,9682.54
2022-11-13,6695,3607,1367,1342,21223.15,22868.38,7409.14,9568.46
2022-11-14,5194,603,2286,1206,16464.98,3823.02,12390.12,8598.78
2022-11-15,3024,842,5116,1589,9586.08,5338.28,27728.72,11329.57
2022-11-16,4951,729,2510,268,15694.67,4621.86,13604.2,1910.84
2022-11-17,5792,2820,329,282,18360.64,17878.8,1783.18,2010.66
2022-11-18,1182,1577,4690,1391,3746.94,9998.18,25419.8,9917.83
2022-11-19,1683,1029,4816,544,5335.11,6523.86,26102.72,3878.72
2022-11-20,6327,3494,1354,591,20056.59,22151.96,7338.68,4213.83
2022-11-21,4028,3725,1087,1638,12768.76,23616.5,5891.54,11678.94
2022-11-22,7087,1044,5105,1002,22465.79,6618.96,27669.1,7144.26
2022-11-23,6275,1288,2515,1134,19891.75,8165.92,13631.3,8085.42
2022-11-24,440,3594,1008,1768,1394.8,22785.96,5463.36,12605.84
2022-11-25,1848,3267,3313,1412,5858.16,20712.78,17956.46,10067.56
2022-11-26,4487,3679,1952,1965,14223.79,23324.86,10579.84,14010.45
2022-11-27,643,1766,2682,1173,2038.31,11196.44,14536.44,8363.49
2022-11-28,3226,429,752,1438,10226.42,2719.86,4075.84,10252.94
2022-11-29,6644,3557,555,859,21061.48,22551.38,3008.1,6124.67
2022-11-30,4874,1077,517,466,15450.58,6828.18,2802.14,3322.58
2022-12-01,2058,3599,579,1858,6523.86,22817.66,3138.18,13247.54
2022-12-02,4486,464,5381,671,14220.62,2941.76,29165.02,4784.23
2022-12-03,2969,3833,374,1261,9411.73,24301.22,2027.08,8990.93
2022-12-04,4930,3114,2993,582,15628.1,19742.76,16222.06,4149.66
2022-12-05,265,3937,5565,549,840.05,24960.58,30162.3,3914.37
2022-12-06,2787,1424,5976,1718,8834.79,9028.16,32389.92,12249.34
2022-12-07,474,2509,5633,696,1502.58,15907.06,30530.86,4962.48
2022-12-08,881,2110,5694,446,2792.77,13377.4,30861.48,3179.98
2022-12-09,6344,400,3993,1194,20110.48,2536.0,21642.06,8513.22
2022-12-10,6202,2979,5987,1109,19660.34,18886.86,32449.54,7907.17
2022-12-11,3219,1157,1341,587,10204.23,7335.38,7268.22,4185.31
2022-12-12,3896,1453,3597,353,12350.32,9212.02,19495.74,2516.89
2022-12-13,1845,1114,2177,1110,5848.65,7062.76,11799.34,7914.3
2022-12-14,7472,1202,3714,688,23686.24,7620.68,20129.88,4905.44
2022-12-15,7662,3681,4049,1096,24288.54,23337.54,21945.58,7814.48
2022-12-16,5163,536,5814,598,16366.71,3398.24,31511.88,4263.74
2022-12-17,5062,1515,5766,1062,16046.54,9605.1,31251.72,7572.06
2022-12-18,7109,3633,5333,1131,22535.53,23033.22,28904.86,8064.03
2022-12-19,680,3941,4631,1516,2155.6,24985.94,25100.02,10809.08
2022-12-20,2654,925,5895,1161,8413.18,5864.5,31950.9,8277.93
2022-12-21,7994,3128,1262,1165,25340.98,19831.52,6840.04,8306.45
2022-12-22,4873,764,2203,1151,15447.41,4843.76,11940.26,8206.63
2022-12-23,2230,3698,4208,1198,7069.1,23445.32,22807.36,8541.74
2022-12-24,1927,642,2643,659,6108.59,4070.28,14325.06,4698.67
2022-12-25,456,2530,3333,570,1445.52,16040.2,18064.86,4064.1
2022-12-26,7600,662,4510,988,24092.0,4197.08,24444.2,7044.44
2022-12-27,7114,2948,681,700,22551.38,18690.32,3691.02,4991.0
2022-12-28,7759,356,1834,1142,24596.03,2257.04,9940.28,8142.46
2022-12-29,6457,1851,3369,669,20468.69,11735.34,18259.98,4769.97
2022-12-30,7284,1417,788,1369,23090.28,8983.78,4270.96,9760.97
